ticker,fy,fye_month,mktcap_b,net_cash_b,revenue_b,gross_margin,op_margin,fcf_margin,rev_growth,price_fye
META,2015,Dec,296.0[e],18.4[e],17.928,0.840,0.347,0.339,0.438,104.66
META,2016,Dec,332.0[e],29.4[e],27.638,0.863,0.450,0.420,0.542,115.05
META,2017,Dec,512.8[e],41.7[e],40.653,0.866,0.497,0.430,0.471,176.46
META,2018,Dec,374.4[e],41.1[e],55.838,0.832,0.446,0.275,0.374,131.09
META,2019,Dec,585.3[e],54.9[e],70.697,0.819,0.339,0.300,0.266,205.25
META,2020,Dec,777.4[e],61.9[e],85.965,0.806,0.380,0.275,0.216,273.16
META,2021,Dec,935.6[e],47.9[e],117.929,0.808,0.396,0.332,0.372,336.35
META,2022,Dec,318.3[e],14.7[e],116.609,0.783,0.248,0.163,-0.011,120.34
META,2023,Dec,909.6[e],36.9[e],134.902,0.808,0.347,0.325,0.157,353.96
META,2024,Dec,1481.0[e],28.9[e],164.501,0.817,0.422,0.329,0.219,585.51
META,2025,Dec,1530.0[e],-2.0[e],200.971,0.820,0.414,0.246[e],0.222,610.00[e]
NVDA,2015,Jan,11.0[e],3.7[e],4.682,0.557,0.162,0.174,0.134,0.49[e]
NVDA,2016,Jan,17.6[e],4.0[e],5.010,0.564,0.149,0.217,0.070,0.82[e]
NVDA,2017,Jan,62.5[e],5.0[e],6.910,0.588,0.280,0.216,0.379,2.69[e]
NVDA,2018,Jan,144.0[e],5.7[e],9.714,0.599,0.330,0.299,0.406,5.79[e]
NVDA,2019,Jan,90.0[e],7.0[e],11.716,0.612,0.325,0.268,0.206,3.66[e]
NVDA,2020,Jan,146.0[e],8.7[e],10.918,0.620,0.261,0.391,-0.068,5.92[e]
NVDA,2021,Jan,358.0[e],4.5[e],16.675,0.623,0.272,0.281,0.527,13.20[e]
NVDA,2022,Jan,592.0[e],10.6[e],26.914,0.649,0.373,0.302,0.614,24.40[e]
NVDA,2023,Jan,500.0[e],2.3[e],26.974,0.569,0.157,0.141,0.002,20.19[e]
NVDA,2024,Jan,1516.0[e],16.3[e],60.922,0.727,0.541,0.444,1.259,61.59
NVDA,2025,Jan,3290.0[e],34.7[e],130.497,0.750,0.624,0.466,1.142,134.43
AAPL,2015,Sep,668.2[e],141.0[e],233.715,0.401,0.305,0.300,0.279,28.68
AAPL,2016,Sep,618.3[e],150.6[e],215.639,0.391,0.278,0.246,-0.077,28.26
AAPL,2017,Sep,804.1[e],163.0[e],229.234,0.385,0.268,0.223,0.063,38.53
AAPL,2018,Sep,1090.4[e],122.5[e],265.595,0.383,0.267,0.241,0.159,56.44
AAPL,2019,Sep,1017.6[e],98.7[e],260.174,0.378,0.246,0.226,-0.020,54.71
AAPL,2020,Sep,1920.0[e],79.0[e],274.515,0.382,0.241,0.267,0.055,112.28
AAPL,2021,Sep,2424.2[e],66.0[e],365.817,0.418,0.298,0.254,0.333,146.92
AAPL,2022,Sep,2220.9[e],52.0[e],394.328,0.433,0.303,0.283,0.078,138.20
AAPL,2023,Sep,2662.3[e],52.0[e],383.285,0.441,0.298,0.260,-0.028,171.21
AAPL,2024,Sep,3444.2[e],50.0[e],391.035,0.462,0.315,0.278,0.020,227.79
AAPL,2025,Sep,3774.0[e],30.0[e],416.161,0.469,0.320,0.237,0.064,255.00[e]
GOOGL,2015,Dec,528.0[e],73.1[e],74.989,0.624,0.258,0.215,0.136,38.92[e]
GOOGL,2016,Dec,539.0[e],86.3[e],90.272,0.611,0.263,0.286,0.204,39.62[e]
GOOGL,2017,Dec,729.0[e],101.9[e],110.855,0.589,0.236,0.216,0.228,52.93[e]
GOOGL,2018,Dec,724.0[e],109.1[e],136.819,0.565,0.201,0.167,0.234,52.27[e]
GOOGL,2019,Dec,922.0[e],116.3[e],161.857,0.556,0.211,0.191,0.183,66.97[e]
GOOGL,2020,Dec,1185.0[e],123.0[e],182.527,0.536,0.226,0.235,0.128,87.65[e]
GOOGL,2021,Dec,1917.0[e],124.0[e],257.637,0.569,0.306,0.260,0.412,144.85[e]
GOOGL,2022,Dec,1145.0[e],100.0[e],282.836,0.554,0.265,0.212,0.098,87.57
GOOGL,2023,Dec,1723.0[e],97.0[e],307.394,0.566,0.274,0.226,0.087,138.54
GOOGL,2024,Dec,2330.0[e],82.4[e],350.018,0.582,0.321,0.208,0.139,188.68
GOOGL,2025,Dec,2300.0[e],90.0[e],402.756,0.596,0.320,0.182,0.151,190.00[e]
MSFT,2015,Jun,358.0[e],61.0[e],93.580,0.647,0.194,0.247,0.078,44.15[e]
MSFT,2016,Jun,398.0[e],54.0[e],91.154,0.640,0.286,0.274,-0.026,51.17[e]
MSFT,2017,Jun,540.0[e],51.0[e],96.571,0.645,0.231,0.325,0.059,68.93[e]
MSFT,2018,Jun,753.0[e],50.0[e],110.360,0.652,0.318,0.292,0.143,98.61[e]
MSFT,2019,Jun,1030.0[e],54.0[e],125.843,0.659,0.341,0.304,0.140,133.96[e]
MSFT,2020,Jun,1540.0[e],62.0[e],143.015,0.678,0.370,0.316,0.136,203.51[e]
MSFT,2021,Jun,2050.0[e],60.0[e],168.088,0.689,0.416,0.334,0.175,270.90[e]
MSFT,2022,Jun,1880.0[e],40.0[e],198.270,0.684,0.421,0.329,0.180,256.83[e]
MSFT,2023,Jun,2530.0[e],43.0[e],211.915,0.689,0.418,0.281,0.069,340.54[e]
MSFT,2024,Jun,3320.0[e],-3.0[e],245.122,0.698,0.446,0.302,0.157,446.95
MSFT,2025,Jun,3680.0[e],11.0[e],281.724,0.688,0.456,0.254[e],0.149,495.67[e]
AMZN,2015,Dec,,,107.006,0.3304,0.0209,,0.2025,
AMZN,2016,Dec,,,135.987,0.3509[e],0.0308,,0.2708,
AMZN,2017,Dec,,,177.866,0.3707[e],0.0231,,0.3080,
AMZN,2018,Dec,,,232.887,0.4025[e],0.0533,,0.3093,
AMZN,2019,Dec,,,280.522,0.4099[e],0.0518,,0.2045,
AMZN,2020,Dec,,,386.064,0.3957[e],0.0593,,0.3762,
AMZN,2021,Dec,,,469.822,0.4203[e],0.0530,,0.2170,
AMZN,2022,Dec,,,513.983,0.4381[e],0.0238,,0.0940,
AMZN,2023,Dec,,,574.785,0.4698[e],0.0641,,0.1183,
AMZN,2024,Dec,,,637.959,0.4885,0.1075,0.0515[e],0.1099,219.39
NFLX,2015,Dec,,,6.780,0.3227,0.0451,,0.2316,
NFLX,2016,Dec,,,8.831,0.2955[e],0.0430,,0.3025,
NFLX,2017,Dec,,,11.693,0.2979[e],0.0718,,0.3241,
NFLX,2018,Dec,,,15.794,0.3689[e],0.1016,,0.3507,
NFLX,2019,Dec,,,20.156,0.3828[e],0.1292,,0.2762,
NFLX,2020,Dec,,,24.996,0.3887[e],0.1834,,0.2401,
NFLX,2021,Dec,,,29.698,0.4011[e],0.2086,,0.1881,
NFLX,2022,Dec,,,31.616,0.3937[e],0.1782,,0.0646,
NFLX,2023,Dec,,,33.723,0.4154,0.2062,,0.0666,
NFLX,2024,Dec,,,39.001,0.4606,0.2671,,0.1565,89.13[e]
TSLA,2015,Dec,,,4.046,0.2284[e],-0.1772,,0.2652,
TSLA,2016,Dec,,,7.000,0.2284[e],-0.0953,,0.7301,
TSLA,2017,Dec,,,11.759,0.1890,-0.1388,,0.6799,
TSLA,2018,Dec,,,21.461,0.1883,-0.0181,,0.8251,
TSLA,2019,Dec,,,24.578,0.1656,-0.0028,,0.1452,
TSLA,2020,Dec,,,31.536,0.2102,0.0632,,0.2831,235.22[e]
TSLA,2021,Dec,,,53.823,0.2528,0.1212,,0.7067,
TSLA,2022,Dec,,,81.462,0.2560,0.1676,,0.5135,123.18[e]
TSLA,2023,Dec,,,96.773,0.1825,0.0919,,0.1880,
TSLA,2024,Dec,,,97.690,0.1786,0.0724,,0.0095,403.84
CRM,2015,Jan,,,5.374,,-0.0272[e],,0.3201,
CRM,2016,Jan,,,6.667,,0.0172,,0.2406,
CRM,2017,Jan,,,8.392,,0.0076,,0.2587,
CRM,2018,Jan,,,10.480,,0.0433,,0.2488,
CRM,2019,Jan,,,13.282,,0.0403,,0.2674,
CRM,2020,Jan,,,17.098,,0.0174,,0.2873,
CRM,2021,Jan,,,21.252,0.7441,0.0214,,0.2430,
CRM,2022,Jan,,,26.492,0.7348,0.0207[e],,0.2466,
CRM,2023,Jan,,,31.352,0.7334,0.0211[e],,0.1835,
CRM,2024,Jan,,,34.857,0.7550,0.1438[e],,0.1118,
CRM,2025,Jan,,,37.895,0.7720,0.1901,,0.0872,
ADBE,2015,Nov,,,4.796,,0.2646[e],,0.1565,
ADBE,2016,Nov,,,5.854,,0.2552,,0.2206,
ADBE,2017,Nov,,,7.302,,0.2969,,0.2474,
ADBE,2018,Nov,,,9.030,,0.3145,,0.2366,
ADBE,2019,Nov,,,11.171,,0.2925,,0.2371,
ADBE,2020,Nov,,,12.868,0.8662,0.3293,,0.1519,
ADBE,2021,Nov,,,15.785,,0.3676,,0.2267,
ADBE,2022,Nov,,,17.606,,0.3464,,0.1154,
ADBE,2023,Nov,,,19.409,,0.3426,,0.1024,
ADBE,2024,Nov,,,21.505,0.8900,0.3135,,0.1080,
UBER,2019,Dec,,-5.3[e],14.147,0.50[e],-0.608,-0.46[e],,29.74
UBER,2020,Dec,,-1.6[e],11.139,0.50[e],-0.437,-0.34[e],-0.213,51.00
UBER,2021,Dec,,-2.9[e],17.455,0.464[e],-0.220,-0.04[e],0.567,41.93
UBER,2022,Dec,,-7.7[e],31.877,0.383[e],-0.057,0.012,0.826,24.73
UBER,2023,Dec,,-6.673,37.281,0.398[e],0.030,0.090,0.170,61.57
UBER,2024,Dec,,-8.1[e],43.978,0.394[e],0.064,0.157,0.180,60.32
ABNB,2020,Dec,,2.5[e],3.378,0.741,-1.063,-0.197,-0.297,139.36[e]
ABNB,2021,Dec,,6.0[e],5.992,0.807,-0.050,0.39[e],0.774,166.49[e]
ABNB,2022,Dec,54.5[e],7.635,8.399,0.822,0.215,0.41[e],0.402,85.50
ABNB,2023,Dec,87[e],8.080,9.917,0.828,0.153,0.39[e],0.181,136.07[e]
ABNB,2024,Dec,,8.5[e],11.102,0.83[e],0.230,0.40[e],0.119,131.10[e]
DASH,2020,Dec,,3.0[e],2.886,,-0.151,,2.261,175.28[e]
DASH,2021,Dec,,3.757,4.888,,-0.092,,0.694,148.93[e]
DASH,2022,Dec,,3.521,6.583,,-0.171,,0.347,48.79[e]
DASH,2023,Dec,,4.078,8.635,,-0.067,0.15[e],0.312,98.84[e]
DASH,2024,Dec,,4.854,10.722,,-0.004,0.18[e],0.242,167.75
ISRG,2015,Dec,,2.6[e],2.384,0.662,0.310,,,18.6[e]
ISRG,2016,Dec,,3.6[e],2.704,0.699,0.350,,0.134,21.4[e]
ISRG,2017,Dec,,4.2[e],3.129,0.70[e],0.337,,0.157,24.3[e]
ISRG,2018,Dec,,4.7[e],3.724,0.699,0.322,,0.190,32.0[e]
ISRG,2019,Dec,,5.6[e],4.479,0.694,0.307,,0.203,39.4[e]
ISRG,2020,Dec,,6.9[e],4.358,0.656,0.241,,-0.027,81.7[e]
ISRG,2021,Dec,,8.62,5.710,0.693,0.319,,0.310,119.7[e]
ISRG,2022,Dec,,7.0[e],6.222,0.674,0.253,,0.090,88.4[e]
ISRG,2023,Dec,,7.343,7.124,0.664,0.248,,0.145,337.36
ISRG,2024,Dec,,8.83,8.352,0.675,0.281,,0.172,521.96
LULU,2015,Jan,,0.7[e],2.061,0.484,0.179,,,58.0[e]
LULU,2016,Jan,,0.7[e],2.344,0.512,0.180,,0.138,66.4[e]
LULU,2017,Feb,,1.0[e],2.649,0.528,0.172,,0.130,80.4[e]
LULU,2018,Feb,,1.2[e],3.288,0.542,0.215[e],,0.241,148.0[e]
LULU,2019,Feb,,1.1,3.979,0.539,0.223,,0.210,239.39
LULU,2020,Jan,,2.0[e],4.402,0.552,0.133[e],,0.106,326.0[e]
LULU,2021,Jan,,1.3[e],6.257,0.577,0.213,,0.421,312.0[e]
LULU,2022,Jan,,1.2[e],8.111,0.554,0.164,,0.296,306.88
LULU,2023,Jan,,2.244,9.619,0.583,0.251[e],,0.186,453.82
LULU,2024,Feb,,2.0[e],10.588,0.597,0.235,,0.101,382.41[e]
PTON,2020,Jun,17.51[e],1.76,1.826,0.458,-0.044,0.171,0.996,61.43[e]
PTON,2021,Jun,35.27[e],0.78,4.022,0.361,-0.047,-0.122,1.203,117.57[e]
PTON,2022,Jun,3.01[e],0.40,3.582,0.195,-0.763,-0.658,-0.109,9.13[e]
PTON,2023,Jun,3.18[e],-0.18,2.800,0.330,-0.428,-0.168,-0.218,8.64[e]
PTON,2024,Jun,1.31[e],-0.85[e],2.700,0.447,-0.196,-0.032,-0.036,3.40[e]
PTON,2025,Jun,2.72[e],-0.46[e],2.489,0.510,-0.015,0.128,-0.078,6.80[e]
BYND,2019,Dec,4.54[e],0.25[e],0.298,0.335,-0.196[e],-0.238,2.389,75.60[e]
BYND,2020,Dec,7.89[e],0.16,0.407,0.301,-0.121[e],-0.407[e],0.366,125.61[e]
BYND,2021,Dec,4.10[e],-0.05[e],0.465,0.252,-0.376,-0.525,0.142,64.51[e]
BYND,2022,Dec,0.76[e],-0.83,0.418,-0.057,-0.819,-0.262,-0.099,11.97[e]
BYND,2023,Dec,0.56[e],-0.85[e],0.343,-0.241,-0.996,-0.365,-0.179,8.76[e]
BYND,2024,Dec,0.23[e],-0.95[e],0.327,0.128,-0.478,-0.371[e],-0.049,3.59[e]
ROKU,2017,Dec,4.76[e],0.09[e],0.513,0.434[e],-0.038,0.059[e],0.287,48.07[e]
ROKU,2018,Dec,3.28[e],0.23[e],0.743,0.440[e],-0.025[e],-0.017[e],0.448,30.65[e]
ROKU,2019,Dec,16.05[e],0.52,1.129,0.439,-0.058,-0.044[e],0.520,133.76[e]
ROKU,2020,Dec,41.83[e],0.99[e],1.778,0.454,-0.011,0.070,0.575,332.02[e]
ROKU,2021,Dec,30.35[e],2.06,2.765,0.510,0.085,0.068,0.554,228.20[e]
ROKU,2022,Dec,5.66[e],1.88,3.127,0.461,-0.170,-0.048,0.131,40.71[e]
ROKU,2023,Dec,13.10[e],1.94,3.485,0.437,-0.227,0.050,0.115,91.59[e]
ROKU,2024,Dec,10.66[e],2.09[e],4.113,0.439,-0.053,0.040[e],0.180,73.04[e]
SNAP,2017,Dec,17.37[e],2.04[e],0.825,0.185[e],-4.171,-0.993[e],1.039,14.60[e]
SNAP,2018,Dec,7.18[e],1.28[e],1.180,0.324[e],-1.065,-0.657[e],0.431,5.52[e]
SNAP,2019,Dec,23.03[e],1.07[e],1.715,0.462[e],-0.643,-0.035[e],0.453,16.33[e]
SNAP,2020,Dec,74.10[e],0.65[e],2.507,0.525[e],-0.344,-0.029[e],0.461,50.07[e]
SNAP,2021,Dec,74.79[e],1.44,4.117,0.571[e],-0.171,0.056,0.642,47.04[e]
SNAP,2022,Dec,14.41[e],0.15,4.602,0.558[e],-0.304,0.021,0.118,8.95[e]
SNAP,2023,Dec,27.41[e],-0.35[e],4.606,0.564[e],-0.305[e],0.038,0.001,16.92[e]
SNAP,2024,Dec,18.53[e],-0.80[e],5.361,0.550[e],-0.147,0.062,0.164,11.16[e]
ZM,2020,Jan,21.44[e],0.85[e],0.623,0.815,0.020[e],0.200,0.884,76.30[e]
ZM,2021,Jan,104.09[e],4.24,2.651,0.690,0.249,0.525,3.258,351.65[e]
ZM,2022,Jan,45.57[e],5.40[e],4.099,0.741[e],0.259[e],0.359,0.546,152.42[e]
ZM,2023,Jan,22.55[e],5.41,4.393,0.749,0.056,0.270,0.072,74.41[e]
ZM,2024,Jan,20.24[e],6.96,4.527,0.762,0.116,0.331[e],0.031,65.92[e]
ZM,2025,Jan,23.15[e],7.80,4.665,0.758,0.174,0.343[e],0.031,75.40[e]
W,2014,Dec,2.62[e],0.34[e],1.319,0.236,-0.057[e],-0.034[e],0.442,32.30[e]
W,2015,Dec,3.61[e],0.34[e],2.250,0.240[e],-0.032[e],-0.022[e],0.706,43.01[e]
W,2016,Dec,3.04[e],0.39[e],3.380,0.237[e],-0.054[e],-0.018[e],0.502,35.30[e]
W,2017,Dec,7.04[e],0.15[e],4.720,0.233[e],-0.050[e],-0.013[e],0.396,80.04[e]
W,2018,Dec,8.19[e],-0.47[e],6.779,0.234,-0.072[e],-0.013[e],0.436,89.95[e]
W,2019,Dec,8.41[e],-0.62[e],9.127,0.235,-0.102,-0.049[e],0.346,90.39[e]
W,2020,Dec,21.91[e],-0.07,14.145,0.291,0.025,0.082,0.550,225.91[e]
W,2021,Dec,19.96[e],-0.61[e],13.708,0.286[e],-0.007,-0.028[e],-0.031,190.07[e]
W,2022,Dec,3.43[e],-1.71,12.218,0.256[e],-0.109,-0.085[e],-0.109,32.40[e]
W,2023,Dec,6.96[e],-1.97,12.005,0.304[e],-0.057,0.020[e],-0.017,61.59[e]
W,2024,Dec,5.34[e],-1.94[e],11.851,0.308[e],-0.039,-0.002[e],-0.013,43.80[e]
SHOP,2015,Dec,2.1[e],,0.205,0.541,-0.087,,,2.55[e]
SHOP,2016,Dec,3.9[e],,0.389,0.538[e],-0.096[e],,0.897,4.27[e]
SHOP,2017,Dec,9.9[e],,0.673,0.565,-0.073,0.012[e],0.730,10.10[e]
SHOP,2018,Dec,14.9[e],,1.073,0.556,-0.086,,0.594,13.85[e]
SHOP,2019,Dec,45.4[e],,1.578,0.548,-0.089,0.045[e],0.471,39.76[e]
SHOP,2020,Dec,138.4[e],5.48[e],2.929,0.526,0.031,0.145[e],0.856,113.10[e]
SHOP,2021,Dec,173.3[e],6.86[e],4.612,0.538,0.058,0.098[e],0.574,137.66[e]
SHOP,2022,Dec,44.1[e],6.04,5.600,0.500[e],-0.147,-0.033[e],0.214,34.68[e]
SHOP,2023,Dec,100.2[e],3.95,7.060,0.490[e],0.013[e],0.128[e],0.261,77.89[e]
SHOP,2024,Dec,138.4[e],4.26,8.880,0.504,0.121,0.180,0.258,106.96[e]
DDOG,2019,Dec,10.8[e],1.50[e],0.363,0.755,-0.055,0.030[e],,37.05
DDOG,2020,Dec,29.9[e],0.78[e],0.604,0.784[e],-0.023,0.110,0.663,98.44
DDOG,2021,Dec,55.7[e],0.82[e],1.029,0.772,-0.019,0.244,0.705,178.04
DDOG,2022,Dec,23.4[e],1.14[e],1.675,0.793[e],-0.035,0.211,0.628,73.50
DDOG,2023,Dec,40.2,1.84[e],2.128,0.807[e],-0.016,0.281,0.271,121.45
DDOG,2024,Dec,49.4[e],2.58[e],2.684,0.808,0.020,0.289,0.261,143.93
CRWD,2020,Jan,10.6[e],0.91,0.481,0.706,-0.303,0.026,,49.92[e]
CRWD,2021,Jan,49.9[e],1.17,0.874,0.738,-0.106,0.335,0.816,222.95[e]
CRWD,2022,Jan,46.7[e],1.25,1.452,0.736,-0.098,0.305,0.660,202.18[e]
CRWD,2023,Jan,23.8[e],1.96,2.241,0.732,-0.085,0.302,0.544,100.96[e]
CRWD,2024,Jan,72.4[e],2.72,3.056,0.753,-0.001,0.238,0.363,299.13[e]
CRWD,2025,Jan,97.8[e],3.57,3.954,0.749,-0.030,0.271,0.294,394.21[e]
NOW,2015,Dec,13.2[e],0.80[e],1.005,0.672,-0.166,,,86.61[e]
NOW,2016,Dec,12.2[e],1.20[e],1.392,0.714,-0.109,,0.384,74.24[e]
NOW,2017,Dec,22.9[e],1.70[e],1.933,0.741,-0.024[e],,0.389,130.35[e]
NOW,2018,Dec,32.0[e],1.90[e],2.609,0.763[e],-0.016,0.281,0.350,177.82[e]
NOW,2019,Dec,52.8[e],1.70[e],3.460,0.770,0.012,0.281,0.326,282.29[e]
NOW,2020,Dec,106.8[e],1.51[e],4.519,0.782,0.044,0.302,0.306,550.57[e]
NOW,2021,Dec,129.1[e],3.41[e],5.896,0.771,0.044,0.305,0.305,648.82[e]
NOW,2022,Dec,78.0[e],3.71[e],7.245,0.783,0.049,0.300,0.229,388.16[e]
NOW,2023,Dec,144.1[e],3.91[e],8.971,0.786,0.085,0.301,0.238,706.42[e]
NOW,2024,Dec,218.3[e],5.01[e],10.984,0.792,0.124[e],0.311,0.224,1059.84[e]
SNOW,2021,Jan,75.5[e],5.10[e],0.592,0.590,-0.919,-0.145,,272.45[e]
SNOW,2022,Jan,74.0[e],5.01[e],1.219,0.624,-0.586,0.067,1.060,250.00[e]
SNOW,2023,Jan,46.4[e],4.44[e],2.067,0.652,-0.407,0.240[e],0.695,144.00[e]
SNOW,2024,Jan,53.3[e],3.84[e],2.807,0.680,-0.390,0.289,0.358,160.00[e]
SNOW,2025,Jan,57.4[e],4.64,3.626,0.665,-0.402,0.252,0.292,172.00[e]
