date,window_start,n_days,mar_annual_pct,series,ann_return,downside_dev,sortino,sharpe,max_drawdown
2026-07-06,2026-07-01,3,4.136,NASDAQ-100 (QQQ),-0.37699,0.19641,-1.5061,-1.664,-0.01733
2026-07-06,2026-07-01,3,4.136,Portfolio,0.18975,0.02191,4.7901,3.6797,-0.00179
2026-07-06,2026-07-01,3,4.136,S&P 500 (SPY),0.93408,0.01659,38.0436,11.2008,-0.00131
2026-07-07,2026-07-01,4,4.595,NASDAQ-100 (QQQ),-1.8074,0.23488,-5.5795,-7.6705,-0.02171
2026-07-07,2026-07-01,4,4.595,Portfolio,-0.59955,0.08288,-5.5072,-8.3135,-0.01042
2026-07-07,2026-07-01,4,4.595,S&P 500 (SPY),0.22356,0.04726,2.6577,1.9565,-0.00475
2026-07-08,2026-07-01,5,3.446,NASDAQ-100 (QQQ),-1.17705,0.2029,-4.2221,-5.5004,-0.02171
2026-07-08,2026-07-01,5,3.446,Portfolio,-0.88202,0.09043,-7.1667,-12.3901,-0.01721
2026-07-08,2026-07-01,5,3.446,S&P 500 (SPY),-0.02696,0.0479,-0.9068,-0.7379,-0.00783
